True Label,Predicted Label,Mismatch
18.0,18.0,True
19.0,19.0,True
20.0,20.0,True
21.0,21.0,True
22.0,22.0,True
23.0,23.0,True
24.0,24.0,True
25.0,25.0,True
26.0,26.0,True
27.0,27.0,True
28.0,28.0,True
29.0,29.0,True
30.0,30.0,True
31.0,31.0,True
32.0,32.0,True
33.0,33.0,True
34.0,34.0,True
35.0,35.0,True
36.0,36.0,True
37.0,37.0,True
38.0,38.0,True
39.0,39.0,True
40.0,40.0,True
41.0,41.0,True
42.0,42.0,True
43.0,43.0,True
44.0,44.0,True
45.0,45.0,True
46.0,46.0,True
48.0,48.0,True
49.0,49.0,True
18.0,18.0,True
19.0,31.0,False
21.0,21.0,True
22.0,22.0,True
23.0,23.0,True
24.0,24.0,True
25.0,25.0,True
26.0,31.0,False
27.0,27.0,True
28.0,28.0,True
29.0,29.0,True
30.0,30.0,True
31.0,31.0,True
32.0,32.0,True
33.0,33.0,True
34.0,34.0,True
35.0,35.0,True
36.0,36.0,True
37.0,37.0,True
38.0,38.0,True
39.0,39.0,True
40.0,40.0,True
41.0,41.0,True
42.0,42.0,True
43.0,43.0,True
44.0,44.0,True
45.0,45.0,True
18.0,18.0,True
19.0,19.0,True
21.0,21.0,True
22.0,22.0,True
23.0,23.0,True
24.0,24.0,True
25.0,25.0,True
26.0,26.0,True
27.0,27.0,True
28.0,28.0,True
29.0,29.0,True
30.0,30.0,True
31.0,31.0,True
32.0,31.0,False
33.0,33.0,True
34.0,34.0,True
35.0,35.0,True
36.0,36.0,True
37.0,37.0,True
38.0,38.0,True
39.0,39.0,True
40.0,40.0,True
41.0,41.0,True
42.0,42.0,True
44.0,44.0,True
45.0,45.0,True
21.0,21.0,True
22.0,22.0,True
23.0,23.0,True
24.0,24.0,True
25.0,25.0,True
26.0,26.0,True
27.0,27.0,True
28.0,28.0,True
29.0,29.0,True
30.0,30.0,True
31.0,31.0,True
32.0,32.0,True
33.0,33.0,True
34.0,34.0,True
35.0,35.0,True
36.0,36.0,True
37.0,37.0,True
38.0,38.0,True
39.0,39.0,True
40.0,40.0,True
41.0,41.0,True
42.0,42.0,True
44.0,44.0,True
45.0,45.0,True
21.0,21.0,True
23.0,23.0,True
25.0,25.0,True
26.0,26.0,True
27.0,27.0,True
28.0,28.0,True
29.0,29.0,True
30.0,30.0,True
31.0,31.0,True
32.0,32.0,True
33.0,33.0,True
34.0,34.0,True
35.0,35.0,True
36.0,36.0,True
37.0,37.0,True
38.0,38.0,True
39.0,39.0,True
40.0,40.0,True
41.0,41.0,True
42.0,42.0,True
44.0,44.0,True
45.0,45.0,True
21.0,21.0,True
23.0,23.0,True
25.0,25.0,True
26.0,26.0,True
27.0,27.0,True
28.0,28.0,True
29.0,29.0,True
30.0,30.0,True
31.0,31.0,True
32.0,32.0,True
33.0,33.0,True
34.0,34.0,True
35.0,35.0,True
36.0,36.0,True
37.0,37.0,True
38.0,38.0,True
39.0,39.0,True
40.0,40.0,True
41.0,44.0,False
42.0,42.0,True
44.0,44.0,True
23.0,23.0,True
25.0,25.0,True
26.0,26.0,True
27.0,27.0,True
28.0,28.0,True
29.0,29.0,True
30.0,30.0,True
31.0,31.0,True
32.0,32.0,True
33.0,33.0,True
34.0,34.0,True
35.0,35.0,True
36.0,36.0,True
37.0,37.0,True
38.0,38.0,True
39.0,39.0,True
40.0,40.0,True
41.0,41.0,True
42.0,42.0,True
44.0,44.0,True
23.0,23.0,True
25.0,25.0,True
26.0,26.0,True
28.0,28.0,True
29.0,29.0,True
30.0,30.0,True
31.0,31.0,True
32.0,32.0,True
33.0,33.0,True
34.0,34.0,True
35.0,35.0,True
36.0,36.0,True
37.0,37.0,True
38.0,38.0,True
39.0,39.0,True
40.0,40.0,True
41.0,41.0,True
42.0,42.0,True
44.0,44.0,True
25.0,25.0,True
28.0,28.0,True
29.0,29.0,True
30.0,30.0,True
31.0,31.0,True
32.0,32.0,True
33.0,33.0,True
34.0,34.0,True
35.0,31.0,False
36.0,36.0,True
37.0,37.0,True
38.0,38.0,True
39.0,39.0,True
40.0,37.0,False
41.0,41.0,True
25.0,25.0,True
28.0,28.0,True
29.0,29.0,True
30.0,30.0,True
31.0,31.0,True
32.0,32.0,True
33.0,33.0,True
34.0,34.0,True
35.0,35.0,True
36.0,36.0,True
37.0,37.0,True
38.0,38.0,True
39.0,38.0,False
40.0,38.0,False
41.0,29.0,False
25.0,25.0,True
28.0,28.0,True
29.0,38.0,False
30.0,30.0,True
31.0,31.0,True
32.0,32.0,True
33.0,38.0,False
34.0,34.0,True
35.0,38.0,False
36.0,36.0,True
37.0,37.0,True
38.0,38.0,True
27.0,36.0,False
29.0,29.0,True
30.0,30.0,True
32.0,32.0,True
33.0,36.0,False
34.0,36.0,False
35.0,36.0,False
36.0,36.0,True
37.0,37.0,True
39.0,43.0,False
40.0,43.0,False
42.0,43.0,False
43.0,43.0,True
